Date,Households,Solar_Generation_kWh,Consumption_kWh,Battery_Storage_kWh,Grid_Usage_kWh,Electricity_Cost
2025-01-01,96,1126.3100021826606,1403.6154400080222,310.79375303797985,277.30543782536165,2218.443502602893
2025-01-02,109,1231.4403710194156,1832.6096408172707,418.98556438294503,601.1692697978551,4809.354158382841
2025-01-03,104,1176.9053180152534,1999.829301562451,426.67931114001755,822.9239835471976,6583.391868377581
2025-01-04,100,1366.3417153951696,1679.5246370629209,340.278678164559,313.1829216677513,2505.4633733420105
2025-01-05,97,1136.1289844370444,1891.898605219742,453.44428502649345,755.7696207826975,6046.15696626158
2025-01-06,96,1159.0766989044823,1205.5536146269117,296.9323825743021,46.47691572242934,371.8153257794347
2025-01-07,108,1254.2123497484527,1329.934603201523,417.7875360399135,75.72225345307038,605.778027624563
2025-01-08,100,1648.9613212021127,1080.1351794995524,397.54852398423947,0.0,0.0
2025-01-09,100,1042.4796179282257,1348.7342310020242,392.8601214561464,306.2546130737985,2450.036904590388
2025-01-10,93,1584.724882429056,1690.4797466089167,329.32620142116565,105.75486417986076,846.0389134388861
2025-01-11,97,963.2853664110925,1553.1639405957549,343.77867973600445,589.8785741846624,4719.028593477299
2025-01-12,92,1245.7940864460875,1716.9622591657956,497.12812150123585,471.1681727197081,3769.3453817576647
2025-01-13,91,1132.1227413643605,1265.871495625816,472.9093005323052,133.74875426145536,1069.9900340916429
2025-01-14,101,1036.9458126956151,1281.1187432970332,444.52507531142794,244.1729306014181,1953.3834448113448
2025-01-15,95,1339.8184763719978,1551.1525523812281,456.39088621178126,211.33407600923033,1690.6726080738426
2025-01-16,91,1319.9793267422012,1349.3380486736712,450.7608126802761,29.358721931469972,234.86977545175978
2025-01-17,90,1103.7503732352989,1825.4622920400238,380.59862726282745,721.711918804725,5773.6953504378
2025-01-18,101,781.2411991929874,1343.1452789056307,402.8562131088611,561.9040797126432,4495.232637701146
2025-01-19,101,1115.9905070744967,1376.1526892671882,311.6494973175395,260.1621821926915,2081.297457541532
2025-01-20,106,1227.8408221913633,1604.7098534671218,394.61826239154846,376.8690312757585,3014.952250206068
2025-01-21,99,1200.3627222389352,1402.6779520681268,471.0048549723512,202.3152298291916,1618.5218386335328
2025-01-22,105,1351.1870563583304,1191.2639016156468,360.35756510457185,0.0,0.0
2025-01-23,104,1586.7085258859984,1225.1610437919778,461.3884722812336,0.0,0.0
2025-01-24,104,1282.7749674501615,1634.4414896017388,405.4951443216258,351.6665221515773,2813.3321772126183
2025-01-25,108,1313.553673551525,1160.322121359485,316.8776880598161,0.0,0.0
2025-01-26,101,1229.6363462758297,1849.2911068872027,333.5608291992213,619.6547606113729,4957.238084890983
2025-01-27,109,1434.4871564784485,1327.4001789245626,455.1581721824653,0.0,0.0
2025-01-28,92,1306.280002192066,1654.0539542420152,433.15144511550307,347.77395204994923,2782.191616399594
2025-01-29,94,1349.8211353928648,1342.3968439925916,406.1058443792575,0.0,0.0
2025-01-30,108,1561.7913658040325,1271.1896550009087,383.5580911451233,0.0,0.0
2025-01-31,96,1245.39686024387,1561.5259205725456,412.6340786577151,316.1290603286757,2529.0324826294054
2025-02-01,98,1145.8075475664523,1762.945866753975,452.8177749551949,617.1383191875227,4937.106553500182
2025-02-02,96,1289.2578696003836,1438.1580622849738,488.5511968292371,148.90019268459014,1191.201541476721
2025-02-03,107,1427.2484634238526,1483.630661560635,491.42105196643627,56.382198136782335,451.0575850942587
2025-02-04,93,1300.2853514052163,1701.8543402707003,422.3175940455099,401.568988865484,3212.551910923872
2025-02-05,103,1412.1277157642821,1710.131812562889,389.6840985781288,298.00409679860695,2384.0327743888556
2025-02-06,107,1066.2050345366629,1490.3770699950646,408.77488046913135,424.17203545840175,3393.376283667214
2025-02-07,98,1026.3831549191025,1389.1300268786779,431.3272214353048,362.7468719595754,2901.974975676603
2025-02-08,91,1090.9924769305817,1520.663989861258,431.0840166307055,429.6715129306763,3437.37210344541
2025-02-09,109,946.523539697533,1452.2721271529142,478.4791982284063,505.7485874553812,4045.9886996430496
2025-02-10,104,1222.0599157266843,1578.243537954213,526.9453433149993,356.18362222752876,2849.46897782023
2025-02-11,96,1113.9949228300168,1201.4323932885618,387.68472222315484,87.43747045854502,699.4997636683602
2025-02-12,101,1446.0422707288758,1569.2953948396867,529.3530945294677,123.25312411081086,986.0249928864869
2025-02-13,97,941.755127560506,1320.424145957313,470.3343548055036,378.6690183968069,3029.3521471744552
2025-02-14,104,1510.9845353273204,1726.4719028726258,393.95062058888755,215.48736754530546,1723.8989403624437
2025-02-15,92,1003.7599329524901,1331.8830376573712,489.9138903319048,328.12310470488114,2624.984837639049
2025-02-16,103,952.3538297703301,1336.222558202267,501.1388980851499,383.8687284319369,3070.9498274554953
2025-02-17,106,1035.0697344697855,1611.3497061029352,372.3822733483692,576.2799716331497,4610.239773065197
2025-02-18,93,1590.256017147151,1503.5529722040492,503.93291514913886,0.0,0.0
2025-02-19,107,1191.9829725253994,2069.1629065997095,464.50496926215783,877.17993407431,7017.43947259448
2025-02-20,97,1305.8871023307606,1092.674347361437,542.1135476787515,0.0,0.0
2025-02-21,93,1163.221652454396,1527.4632367386862,374.55768508003007,364.2415842842902,2913.9326742743215
2025-02-22,91,1181.9842733639587,1782.4123712430926,378.7943953758402,600.4280978791339,4803.424783033071
2025-02-23,95,1098.823989353141,1355.4215192681747,278.4002722153996,256.59752991503365,2052.780239320269
2025-02-24,99,1210.1487917710533,1272.36053881503,434.27163523407773,62.21174704397663,497.69397635181303
2025-02-25,93,1298.919978376343,1282.283838088418,422.5150753371231,0.0,0.0
2025-02-26,107,1535.661101964579,1097.0097050874788,366.22037970786,0.0,0.0
2025-02-27,101,825.1062250280977,1837.4261568276738,395.08895611071654,1012.3199317995761,8098.559454396609
2025-02-28,91,1522.1640618785004,1417.595664548398,321.32673938949307,0.0,0.0
2025-03-01,99,1305.5920854052947,1387.9932150499424,471.9066971699012,82.40112964464765,659.2090371571812
2025-03-02,93,1126.4474434693946,968.9754814174566,370.6180315283014,0.0,0.0
2025-03-03,103,1090.4553034081343,1141.5728568845288,585.6429409372571,51.117553476394505,408.94042781115604
2025-03-04,105,1408.73512907375,1866.3474388797736,389.463921957338,457.61230980602363,3660.898478448189
2025-03-05,104,1245.7957076377081,1575.7764165251447,354.4228695371014,329.98070888743655,2639.8456710994924
2025-03-06,97,893.1869762602145,1791.6252074812764,375.2612128759083,898.438231221062,7187.505849768496
2025-03-07,103,1272.6139206674618,1759.9981099574575,315.2823414073449,487.3841892899957,3899.0735143199654
2025-03-08,97,1428.8743070949367,1249.8449298567648,428.9363134421765,0.0,0.0
2025-03-09,105,1371.5729317576931,2107.4619321634923,374.8060180132527,735.8890004057992,5887.112003246393
2025-03-10,102,1074.6284260923692,1987.4331489003073,467.87516742386424,912.8047228079381,7302.437782463505
2025-03-11,107,931.5985391893287,1359.0583894692413,383.515150289535,427.45985027991264,3419.678802239301
2025-03-12,104,1134.8053718037022,607.9486751600294,483.0665267011388,0.0,0.0
2025-03-13,102,1850.7970252175212,1410.8669775139808,445.4473449590225,0.0,0.0
2025-03-14,98,891.0002102806005,1559.574065530362,401.71580660310065,668.5738552497616,5348.590841998092
2025-03-15,104,1031.4529807026156,1358.0702413060774,494.81395524104926,326.6172606034618,2612.938084827694
2025-03-16,102,1278.408377946519,1444.6194758288207,457.13760766223254,166.2110978823016,1329.6887830584128
2025-03-17,90,1175.0949504812631,1292.8354909155514,576.7727695997935,117.74054043428828,941.9243234743062
2025-03-18,96,1159.9590208537861,1730.4086795884618,375.43268530130774,570.4496587346757,4563.597269877406
2025-03-19,98,1604.9441996002015,1515.908310092139,404.59696632750763,0.0,0.0
2025-03-20,90,1029.3480115924046,1737.8785157357383,494.1225406606558,708.5305041433337,5668.24403314667
2025-03-21,101,1197.143890458981,1805.5508365519843,307.3877312898933,608.4069460930032,4867.255568744025
2025-03-22,97,1240.3814883605592,956.4191089783383,479.01661379395375,0.0,0.0
2025-03-23,100,1039.0526629849007,1307.3694472914742,426.35816546088824,268.3167843065735,2146.534274452588
2025-03-24,108,911.8694522386367,1343.992676589864,346.7073546731651,432.12322435122735,3456.985794809819
2025-03-25,106,1253.8635308505077,2142.8430899221958,318.2176204869327,888.9795590716881,7111.836472573505
2025-03-26,97,1562.7333151757816,1537.2513417250811,359.65063161218296,0.0,0.0
2025-03-27,92,1280.916579023505,1703.140149090766,262.91082566046566,422.2235700672611,3377.788560538089
2025-03-28,92,1218.0145173963322,1029.8270576813723,370.62763337850976,0.0,0.0
2025-03-29,90,1216.5460871600958,1535.8038631243803,437.3533800005549,319.2577759642845,2554.062207714276
2025-03-30,94,1148.3164528365128,1744.5732455290645,371.4219615418703,596.2567926925517,4770.054341540414
2025-03-31,99,1436.6964640282006,1715.491271265039,483.2987620860285,278.7948072368383,2230.3584578947066
2025-04-01,96,1098.9115452416272,1655.849859729088,499.59685616351726,556.9383144874607,4455.506515899686
2025-04-02,98,928.6429031162875,1503.2501266237814,476.53866895754646,574.6072235074939,4596.857788059951
2025-04-03,96,883.6692148770909,1515.3921551563628,413.8384546158619,631.7229402792719,5053.7835222341755
2025-04-04,98,1215.8018028488113,1076.6834563225525,260.51924365081186,0.0,0.0
2025-04-05,97,1412.1384926360604,1274.866778703214,357.77815047804364,0.0,0.0
2025-04-06,101,1247.4970503243878,1557.7359890970408,391.47768839353677,310.238938772653,2481.911510181224
2025-04-07,91,1136.5262429458714,1321.0060482684487,346.36794102971135,184.47980532257725,1475.838442580618
2025-04-08,90,1291.6882593123958,1672.2095617581963,391.62967147080576,380.52130244580053,3044.1704195664042
2025-04-09,105,1237.242468778925,1616.6956375662155,496.6040481216028,379.45316878729045,3035.6253502983236
2025-04-10,94,1365.2380947308532,1841.8425636804984,301.2534082290809,476.60446894964525,3812.835751597162
2025-04-11,92,1465.3007774873547,1739.5634565381426,508.7015233671416,274.26267905078794,2194.1014324063035
2025-04-12,101,1009.1219742854009,1556.815352283642,453.0835853052482,547.693377998241,4381.547023985928
2025-04-13,97,732.0806872713204,1686.995108515479,416.09300849666175,954.9144212441586,7639.315369953269
2025-04-14,92,1129.69264027591,1751.275540574914,357.18300665555415,621.582900299004,4972.663202392032
2025-04-15,90,996.1317065519858,1373.1406785230045,347.56297927051446,377.0089719710187,3016.0717757681496
2025-04-16,92,1366.3916373149023,1417.6672504200494,302.42693712467565,51.27561310514716,410.20490484117727
2025-04-17,94,1055.13324093058,1475.7934906516473,503.0059288188632,420.6602497210672,3365.2819977685376
2025-04-18,104,824.8442722872114,1381.1173639589126,492.2566936044425,556.2730916717012,4450.18473337361
2025-04-19,103,1085.1597102384642,1753.921736265871,315.6229222850031,668.7620260274068,5350.096208219255
2025-04-20,92,901.6051349082302,1343.172364580674,366.84232030562794,441.5672296724438,3532.53783737955
2025-04-21,90,1518.03154380217,1812.912867849956,425.9886861539145,294.88132404778594,2359.0505923822875
2025-04-22,94,1294.3283908896137,1408.2567002799044,382.0294517096675,113.92830939029068,911.4264751223254
2025-04-23,103,1329.5116218027429,1618.0991607098395,284.87951457809095,288.5875389070966,2308.7003112567727
2025-04-24,96,1307.2053069809717,1541.6037871907222,360.5336343666587,234.39848020975046,1875.1878416780037
2025-04-25,98,1368.034231855685,1256.0050479270833,517.0620578812011,0.0,0.0
2025-04-26,104,1426.6684050138147,1495.0275676273025,364.6012845751334,68.3591626134878,546.8733009079024
2025-04-27,104,1092.0509281350812,1583.4108828626493,390.1919597978676,491.35995472756804,3930.8796378205443
2025-04-28,99,916.0076734016619,1483.9268282223754,331.2893545578772,567.9191548207135,4543.353238565708
2025-04-29,102,1030.6132525504675,1164.323360373429,435.26577911702486,133.71010782296162,1069.680862583693
2025-04-30,108,1190.950075252136,1925.3573108815428,406.90910794147504,734.4072356294068,5875.257885035255
2025-05-01,96,687.1316037078612,1521.924870715434,355.47881550658127,834.7932670075728,6678.3461360605825
2025-05-02,106,1428.5451766587664,1301.4243562091197,321.7206762515545,0.0,0.0
2025-05-03,109,820.6505559634155,1905.1920058668186,484.2726024406526,1084.5414499034032,8676.331599227226
2025-05-04,93,1319.8186651658282,1654.3474524300814,303.6673956015352,334.5287872642532,2676.2302981140256
2025-05-05,94,1166.3858421588939,1199.9575008995976,430.22894173537327,33.5716587407037,268.5732699256296
2025-05-06,96,1257.0350649299307,1238.8763134000303,270.76724531730565,0.0,0.0
2025-05-07,102,1105.616051741972,1444.4013200280394,442.43270098074294,338.78526828606755,2710.2821462885404
2025-05-08,104,1243.4412955786129,1574.3267447124556,458.21793323560365,330.8854491338427,2647.0835930707417
2025-05-09,100,1105.624495176426,1655.6999578659804,465.6870226983948,550.0754626895543,4400.603701516435
2025-05-10,93,1088.7637708396023,1737.544619882142,390.3274918858079,648.7808490425396,5190.2467923403165
2025-05-11,102,1020.5527337277389,1634.8931016000356,495.0402163338218,614.3403678722967,4914.722942978374
2025-05-12,96,1505.1659914501663,1836.6864946602489,538.4675016997641,331.52050321008255,2652.1640256806604
2025-05-13,108,1273.3818834193949,1531.6982899201175,380.7026118372422,258.3164065007227,2066.5312520057814
2025-05-14,91,1241.8993725264718,1310.0901548804445,372.93969819220433,68.19078235397274,545.5262588317819
2025-05-15,99,1024.8876423936078,1499.1622825852567,408.9506356206961,474.2746401916488,3794.1971215331905
2025-05-16,102,1153.0303332821386,1482.754834913552,371.3391912463476,329.72450163141343,2637.7960130513075
2025-05-17,95,1002.554158465415,855.446142584377,362.56778823939277,0.0,0.0
2025-05-18,101,1101.7672942501085,1359.6582852260854,367.7956875855094,257.8909909759768,2063.1279278078146
2025-05-19,101,958.1755220878028,1578.5509332376128,502.9453604803747,620.3754111498099,4963.003289198479
2025-05-20,109,1517.8288264405103,1393.9461086970534,446.3129197021259,0.0,0.0
2025-05-21,100,1048.618781897681,1338.4476595442502,371.1432323645145,289.82887764656925,2318.631021172554
2025-05-22,96,1024.9842354263765,1727.8440489511408,252.69249845666286,702.8598135247644,5622.878508198115
2025-05-23,90,934.8779448994824,1270.8635438061401,307.33213038361197,335.98559890665774,2687.884791253262
2025-05-24,90,1045.7589076836573,1677.9056626177057,430.20574495611265,632.1467549340484,5057.174039472387
2025-05-25,109,1101.0213144869438,1166.813882302929,272.70664351667097,65.7925678159852,526.3405425278816
2025-05-26,102,1190.1040894433604,2190.190483931546,417.57961164711736,1000.0863944881858,8000.691155905486
2025-05-27,98,1070.9355581605028,1446.0786182746856,336.06617650809847,375.14306011418284,3001.1444809134628
2025-05-28,92,879.8777981944733,1419.183677675986,405.5083464748404,539.3058794815128,4314.447035852102
2025-05-29,96,897.0850312367525,1785.7664757224798,403.8313780800486,888.6814444857273,7109.451555885818
2025-05-30,95,1335.9319338326839,1395.3237897983877,407.2353960334426,59.391855965703826,475.1348477256306
2025-05-31,97,1175.4422501684971,1863.7319520814167,376.33468917528876,688.2897019129196,5506.317615303356
2025-06-01,98,1329.77864825071,1592.8984576216317,374.3628624635361,263.11980937092176,2104.958474967374
2025-06-02,94,1356.0550328840004,1470.4005248634428,356.75257486381366,114.34549197944239,914.7639358355391
2025-06-03,90,1230.2159924305456,1443.748524157406,429.0335390345134,213.5325317268605,1708.260253814884
2025-06-04,108,953.6538464980349,1801.8980426075655,448.3115604868569,848.2441961095305,6785.953568876244
2025-06-05,99,1237.9169840321179,1557.6218036508758,326.86164864783245,319.70481961875794,2557.6385569500635
2025-06-06,101,1479.9193295705466,1608.0771827976926,396.9022916624638,128.157853227146,1025.262825817168
2025-06-07,104,1110.5143951483724,1635.2504681509072,411.7949244092643,524.7360730025348,4197.888584020278
2025-06-08,98,1268.123050257672,1533.2340463056728,411.0262680773825,265.11099604800074,2120.887968384006
2025-06-09,109,1197.2444089465616,1629.9680565874958,410.00617717579104,432.72364764093413,3461.789181127473
2025-06-10,106,1474.4755593094492,1470.4191443297523,375.87791137928656,0.0,0.0
2025-06-11,106,1064.4427814013231,1487.547842043356,416.7418255277523,423.10506064203287,3384.840485136263
2025-06-12,109,1430.7063744015736,1220.2212679933227,437.0817226590172,0.0,0.0
2025-06-13,101,1124.9978743260372,1574.4400627295993,408.46219934935385,449.4421884035621,3595.537507228497
2025-06-14,96,1061.1708092985011,1070.114748321945,430.35639019202347,8.943939023443818,71.55151218755054
2025-06-15,91,1221.9720146086497,1570.8895176527283,459.42120466225043,348.91750304407856,2791.3400243526285
2025-06-16,92,1268.491383601503,1429.8459959587963,288.94357852628394,161.35461235729326,1290.836898858346
2025-06-17,106,1582.3059213018855,1593.6462773627445,456.60783051192203,11.340356060858994,90.72284848687195
2025-06-18,94,1263.907515773743,1237.792916479581,420.5456659132765,0.0,0.0
2025-06-19,106,1238.6556123698772,970.1606579903395,333.30248033567636,0.0,0.0
2025-06-20,106,1519.2285887803268,1412.2836732566152,448.1482529391813,0.0,0.0
2025-06-21,106,1320.2107888423072,1238.5218327857253,376.1007456385623,0.0,0.0
2025-06-22,91,1071.1449639664104,1054.8608291973794,384.28201382088685,0.0,0.0
2025-06-23,91,1471.1940770616384,1691.9958174236426,369.5392130520603,220.80174036200424,1766.413922896034
2025-06-24,94,1052.0762461141296,1900.3095567855103,418.14393065429346,848.2333106713807,6785.866485371045
2025-06-25,90,1070.150544333258,1300.7621410563625,352.8788114492768,230.6115967231044,1844.8927737848353
2025-06-26,90,1030.2958601224173,1481.0572931946367,454.08847779686715,450.76143307221946,3606.0914645777557
2025-06-27,108,1012.7509943444088,1423.053595830047,391.6682447683197,410.3026014856382,3282.4208118851056
2025-06-28,91,1266.634658967965,1335.2753945059492,378.1478509907237,68.64073553798426,549.125884303874
2025-06-29,101,1148.4195670912914,1665.9343034720052,445.17254065683824,517.5147363807139,4140.117891045711
2025-06-30,95,504.3661572726887,1752.5353651071546,380.8265942608552,1248.1692078344659,9985.353662675727
2025-07-01,93,1146.3473876100975,1282.8482026835989,456.89060952173804,136.50081507350137,1092.006520588011
2025-07-02,100,1096.4175488388732,1511.1917167737258,458.77557705045194,414.7741679348526,3318.1933434788207
2025-07-03,106,1378.5650728597711,1821.1332584834736,319.9117697068614,442.56818562370245,3540.5454849896196
2025-07-04,95,1087.3482777079273,1672.259050803743,466.55561213337546,584.9107730958158,4679.286184766526
2025-07-05,94,1707.8515582421785,1709.424359600122,312.27784170988684,1.57280135794349,12.58241086354792
2025-07-06,109,1479.3587157540485,1841.9963268606036,470.29483161295065,362.63761110655514,2901.100888852441
2025-07-07,91,1122.0179217980444,1838.7112930933124,521.7014315338143,716.693371295268,5733.546970362144
2025-07-08,95,1429.9246157666164,1757.1606575757664,452.4900662961479,327.23604180915004,2617.8883344732003
2025-07-09,100,1305.0423425381896,1536.234353695295,270.5811613180196,231.19201115710553,1849.5360892568442
2025-07-10,105,1246.6931592960486,1404.379245635477,463.8139431631611,157.68608633942836,1261.4886907154269
2025-07-11,105,1360.5304511214858,1525.8694413282963,534.7677379561608,165.33899020681042,1322.7119216544834
2025-07-12,90,1210.8141748520973,1366.3983284941578,381.8181015401182,155.58415364206053,1244.6732291364842
2025-07-13,98,1248.0702312154956,1011.8782817473294,397.9178007982066,0.0,0.0
2025-07-14,95,1364.6705032557932,1430.1252335499898,328.69079668441407,65.45473029419668,523.6378423535734
2025-07-15,105,1610.490548349098,1589.381560959305,418.7247651291801,0.0,0.0
2025-07-16,92,1250.2389944439349,1353.1826455584553,476.15063095258773,102.94365111452043,823.5492089161635
2025-07-17,109,1109.2406670055689,1451.805053190348,441.8642276889672,342.5643861847791,2740.5150894782328
2025-07-18,93,794.1538289812023,1461.490821008317,588.5180186372679,667.3369920271147,5338.695936216917
2025-07-19,108,1592.2606943927276,1839.2141935547222,401.98162257794786,246.9534991619946,1975.627993295957
2025-07-20,92,1147.351657485608,1410.1406814937745,302.1595979550841,262.7890240081665,2102.312192065332
2025-07-21,108,1306.9618580162535,1839.1583455458635,410.25825829409314,532.1964875296101,4257.5719002368805
2025-07-22,109,1581.1814473853988,821.8773770380066,255.01289408725063,0.0,0.0
2025-07-23,96,1245.5204641860983,1836.963945332259,368.01376450812916,591.4434811461608,4731.547849169287
2025-07-24,109,1161.0659476245041,1824.351528715656,497.4629235160127,663.2855810911519,5306.284648729215
2025-07-25,98,1483.934595508749,1725.5636683472978,419.50801891790627,241.62907283854884,1933.0325827083907
2025-07-26,90,1292.147413512784,997.0204991990571,410.76500876987615,0.0,0.0
2025-07-27,97,1317.22112094468,1754.7217488056203,509.2468226029214,437.5006278609403,3500.0050228875225
2025-07-28,96,895.3678259056478,1487.4702060811874,383.7640065001978,592.1023801755396,4736.8190414043165
2025-07-29,107,1441.183041448517,867.6656400188349,475.70922477604654,0.0,0.0
2025-07-30,97,1275.1176135983292,1824.544426958674,407.7584185099804,549.4268133603448,4395.414506882758
2025-07-31,90,925.6821240553752,1861.043269637242,422.8028478075416,935.3611455818668,7482.889164654935
2025-08-01,100,1297.018822322655,1023.8719820337071,326.9617086482192,0.0,0.0
2025-08-02,107,787.4948652176502,1543.8552688250284,371.077192310307,756.3604036073782,6050.883228859026
2025-08-03,99,1668.3950405025992,1847.1477803610455,316.1489060293676,178.75273985844638,1430.021918867571
2025-08-04,92,979.6290400036478,1807.5403283642866,394.28529530647927,827.9112883606388,6623.29030688511
2025-08-05,96,1522.3585531436872,1709.0152627898808,423.424140634976,186.65670964619358,1493.2536771695486
2025-08-06,105,1037.4088903762693,838.1867800256229,333.39771369451284,0.0,0.0
2025-08-07,105,1312.0451421941439,1682.3856916589534,522.9507353610894,370.34054946480956,2962.7243957184764
2025-08-08,109,1017.5743486781003,1445.4740254065143,416.68636114551765,427.8996767284141,3423.1974138273126
2025-08-09,106,1399.423044379564,1748.9643821796235,403.4677351351132,349.5413378000594,2796.3307024004753
2025-08-10,91,1152.9362516185497,1564.0403646084562,446.1794650807375,411.1041129899065,3288.832903919252
2025-08-11,90,1293.555909241542,1495.0295974277838,350.26431514804466,201.47368818624182,1611.7895054899345
2025-08-12,105,1203.0128763157988,1660.2259623523091,409.8086487500472,457.2130860365103,3657.704688292082
2025-08-13,101,926.8670427032689,1457.0216572320605,356.9880267785445,530.1546145287916,4241.236916230333
2025-08-14,94,1300.821371938107,1493.9306800270144,493.52079460533895,193.10930808890748,1544.8744647112599
2025-08-15,94,1099.3525028668505,1361.1940002178096,336.4816390361751,261.8414973509591,2094.731978807673
2025-08-16,98,1409.0625586015221,1098.6477522038595,403.7899275584304,0.0,0.0
2025-08-17,98,1152.8280383698645,1641.963368442818,419.75894710910654,489.13533007295337,3913.082640583627
2025-08-18,92,1184.6472181943336,1298.4924200823575,423.68954466446206,113.8452018880239,910.7616151041912
2025-08-19,108,1536.5852928745874,1449.8020334898165,365.1258896150301,0.0,0.0
2025-08-20,105,1676.32735890159,1571.7434896134832,346.26943587129415,0.0,0.0
2025-08-21,105,1357.2067911424165,978.6955891086403,365.99228961723406,0.0,0.0
2025-08-22,92,1142.5719805153228,1034.6627740807942,431.69952605261693,0.0,0.0
2025-08-23,109,1125.0677343287712,1425.0653558476993,391.3692537452822,299.9976215189281,2399.980972151425
2025-08-24,90,1036.264602936284,1613.6408705749138,447.77252850715126,577.3762676386298,4619.010141109038
2025-08-25,109,1074.9523632892888,1686.0095676622902,428.6202231637044,611.0572043730015,4888.457634984012
2025-08-26,100,1145.2780512992063,1102.171376031023,263.38523811402354,0.0,0.0
2025-08-27,106,1592.85059339898,1659.1578711032037,414.84986781023264,66.30727770422368,530.4582216337894
2025-08-28,97,1160.5556658292953,1438.732595420916,535.0272860689762,278.1769295916206,2225.4154367329647
2025-08-29,93,954.7893991603795,1279.2106887258808,479.5161430622999,324.4212895655013,2595.3703165240104
2025-08-30,95,1208.3330534250765,1337.8620359851573,425.3207896424181,129.52898256008075,1036.231860480646
2025-08-31,97,1235.625685152213,1700.4643330100416,336.43647217180336,464.8386478578286,3718.709182862629
2025-09-01,109,1207.1270919700912,1568.501446271393,428.65322296753874,361.37435430130176,2890.994834410414
2025-09-02,92,1359.9382445170415,1512.5766306888302,444.38499639269554,152.63838617178862,1221.107089374309
2025-09-03,105,1213.8011022718067,1560.873934701975,384.775199150345,347.0728324301683,2776.5826594413466
2025-09-04,92,1353.7454984294657,1732.0244441540483,419.00452352826625,378.2789457245826,3026.231565796661
2025-09-05,107,1043.931329188457,1475.7251081491693,490.5797475037624,431.7937789607122,3454.3502316856975
2025-09-06,103,1556.1458876290446,1513.579721613559,348.56353481549644,0.0,0.0
2025-09-07,107,1250.495957668717,1784.5426850344513,336.5020237024524,534.0467273657343,4272.373818925875
2025-09-08,91,1280.0437940814077,1417.1033439342104,441.5619595596528,137.05954985280277,1096.4763988224222
2025-09-09,92,1043.0976212373396,1654.5351488201704,427.4525581718848,611.4375275828309,4891.500220662647
2025-09-10,105,1294.3653982532792,1374.0738798317147,461.7302977247687,79.70848157843557,637.6678526274845
2025-09-11,98,1330.2130113340609,1396.0331646470538,434.1876287142262,65.82015331299294,526.5612265039435
2025-09-12,93,966.046313234982,1473.987560800091,365.93469620954835,507.94124756510894,4063.5299805208715
2025-09-13,90,868.1816823224686,1628.8182132466914,425.9315590879243,760.6365309242227,6085.092247393782
2025-09-14,93,1258.7332047218931,1798.5454906377672,331.4724074022296,539.8122859158741,4318.498287326993
2025-09-15,90,1102.2460353088934,1524.1363158846939,384.98087729602037,421.8902805758005,3375.122244606404
2025-09-16,103,1251.9842938271458,1125.040772169114,430.16795385798423,0.0,0.0
2025-09-17,105,941.792785820377,1657.8615733834845,378.3691469965666,716.0687875631074,5728.5503005048595
2025-09-18,109,887.8988171234658,2113.4605435364274,548.0831309337896,1225.5617264129614,9804.493811303691
2025-09-19,97,1241.3378926002154,1527.1672077668377,286.46894507058,285.82931516662234,2286.6345213329787
2025-09-20,96,1130.0432478086295,1072.8080902051051,367.15057858007134,0.0,0.0
2025-09-21,92,777.8600957699643,1542.4132223677127,343.73320996780535,764.5531265977484,6116.425012781987
2025-09-22,106,1468.6197636215459,1499.2468492040402,357.9790715525228,30.627085582494374,245.016684659955
2025-09-23,90,938.4685863632485,1478.2227891594027,361.42010659114726,539.7542027961542,4318.033622369234
2025-09-24,105,1714.6649904220865,1736.352474994283,320.4147587884604,21.68748457219658,173.49987657757265
2025-09-25,101,1075.1966542222842,1844.568696583931,445.16212891435765,769.3720423616467,6154.976338893173
2025-09-26,108,1280.3121136251998,1670.8964363002708,367.1742821567739,390.584322675071,3124.674581400568
2025-09-27,103,1529.389802077437,1466.735478832233,409.81440013531926,0.0,0.0
2025-09-28,95,1495.886785565765,1781.4196960924073,373.9104542853853,285.53291052664235,2284.263284213139
2025-09-29,95,1597.2272812453766,1126.5425896964398,358.5471752628274,0.0,0.0
2025-09-30,102,895.3847522239294,1320.9859698165014,500.33675416521095,425.6012175925721,3404.8097407405767
2025-10-01,108,972.8269004985506,1348.8430553495675,455.3759309325645,376.01615485101695,3008.1292388081356
2025-10-02,97,1245.1994548188059,1492.2623380170164,287.9079760026913,247.06288319821056,1976.5030655856845
2025-10-03,91,1367.9494875795428,1626.6836656217095,281.5517530998468,258.7341780421666,2069.873424337333
2025-10-04,90,1197.7545113240724,1449.821762915679,462.5565301381892,252.0672515916067,2016.5380127328535
2025-10-05,104,872.4011928573223,1273.4910513744312,368.80879650707476,401.08985851710895,3208.7188681368716
2025-10-06,90,1299.3156317929597,1743.7125711740325,301.05505996394663,444.3969393810728,3555.1755150485824
2025-10-07,94,1161.149722353193,1441.1358194488266,462.74410795242045,279.98609709563357,2239.8887767650685
2025-10-08,105,1158.7522082088267,1525.5322302177583,410.14744300594543,366.7800220089316,2934.240176071453
2025-10-09,108,744.4099164378886,1637.766936368977,415.0942650899392,893.3570199310884,7146.856159448707
2025-10-10,93,1359.496840895663,1509.7194019807366,448.57235632035446,150.22256108507372,1201.7804886805898
2025-10-11,92,1229.0408120570917,1510.8179236860726,321.4013705030564,281.77711162898095,2254.2168930318476
2025-10-12,106,1559.0329113277926,1757.6183551089575,302.10995071695015,198.58544378116494,1588.6835502493195
2025-10-13,106,1185.0984706937654,1537.842368642594,494.8572576941921,352.7438979488286,2821.9511835906287
2025-10-14,101,1313.2680261038045,1715.6992464476223,313.7699943554625,402.4312203438178,3219.4497627505425
2025-10-15,103,1366.3636352210526,1636.1668610795975,326.66573217546613,269.8032258585449,2158.4258068683594
2025-10-16,95,850.7676882677617,2004.221886046729,338.65387722725404,1153.4541977789672,9227.633582231738
2025-10-17,92,1723.3399893203186,1602.3533544672825,524.7967554214313,0.0,0.0
2025-10-18,98,1113.8415224154767,1659.4933175376932,429.6029980246914,545.6517951222165,4365.214360977732
2025-10-19,94,1298.913320428497,1775.4141784990918,457.9244784661228,476.50085807059486,3812.006864564759
2025-10-20,106,1328.1164013898303,1515.9044399875424,411.7700527347237,187.7880385977121,1502.3043087816968
2025-10-21,103,1037.0431744019406,1340.5367258176398,363.886767327926,303.49355141569913,2427.948411325593
2025-10-22,92,1569.3960662895206,1381.463604719136,437.8774769956101,0.0,0.0
2025-10-23,90,1253.1910538708864,1383.873268624378,306.60304175219176,130.6822147534915,1045.457718027932
2025-10-24,109,1157.3054726185333,1262.4172579508204,334.2829928742103,105.11178533228713,840.894282658297
2025-10-25,90,1227.7015924776883,1579.451292300471,443.9785107556889,351.74969982278276,2813.997598582262
2025-10-26,92,1352.8504397218046,1342.620862987729,318.5646861503932,0.0,0.0
2025-10-27,107,1202.15963296194,1548.7132053004618,388.6551118502876,346.5535723385219,2772.4285787081753
2025-10-28,99,1376.385982076648,1460.331389072341,391.3892593386753,83.94540699569302,671.5632559655442
2025-10-29,92,863.0255722064521,1489.5946266768713,368.28027979977026,626.5690544704191,5012.552435763353
2025-10-30,97,1050.406002034702,1639.014161957214,282.93289150906855,588.608159922512,4708.865279380096
2025-10-31,103,772.239937038137,1364.5252189028631,362.26426652867843,592.2852818647261,4738.282254917809
2025-11-01,107,1599.401631368589,1659.7227614841934,350.5018973840509,60.32113011560432,482.56904092483455
2025-11-02,104,1596.798425536987,1891.826966659738,409.68639179726193,295.028541122751,2360.228328982008
2025-11-03,91,1325.3232135065969,1585.7772707379397,406.6294323219681,260.45405723134286,2083.632457850743
2025-11-04,99,997.4763858173937,1304.4760786818829,422.6776875962124,306.99969286448913,2455.997542915913
2025-11-05,91,1677.9756544436648,1346.245497165051,359.44082362153614,0.0,0.0
2025-11-06,106,1079.1171043736576,1437.934274803721,431.36667702795353,358.81717043006347,2870.5373634405078
2025-11-07,97,1157.3585746189672,1351.2774257326084,306.639596033579,193.91885111364127,1551.3508089091301
2025-11-08,90,1231.9066811461444,1252.2049225974874,290.6857160408588,20.298241451343074,162.3859316107446
2025-11-09,98,1290.303188403794,1538.6018192404229,259.8656365500023,248.29863083662894,1986.3890466930316
2025-11-10,100,1328.7605203408636,1444.7006670685503,370.0421656256802,115.94014672768662,927.521173821493
2025-11-11,105,1336.7923274948903,1547.4302208895144,354.8021065396865,210.63789339462414,1685.1031471569931
2025-11-12,96,1171.0951829292192,1796.596853053822,447.358936711276,625.5016701246029,5004.013360996823
2025-11-13,99,1333.6201903513424,1440.9117915189101,361.08024477706783,107.2916011675677,858.3328093405416
2025-11-14,92,1162.1584681008646,1203.6449988299223,416.40258087665603,41.48653072905768,331.8922458324614
2025-11-15,107,1315.860687374444,1400.2768769366123,448.7977945949846,84.41618956216826,675.329516497346
2025-11-16,102,1299.458355566155,1692.6063042791607,358.82085546105304,393.1479487130057,3145.1835897040455
2025-11-17,96,1352.5694581596242,1669.1925676792387,417.88313260643054,316.62310951961445,2532.9848761569156
2025-11-18,93,1327.593339804193,1629.6599119033917,460.11565293731167,302.06657209919877,2416.53257679359
2025-11-19,102,1111.5135250177404,1343.8233192094742,325.71023351166593,232.30979419173377,1858.4783535338702
2025-11-20,109,1291.7420343118026,1687.9756545081746,401.49114029467864,396.23362019637193,3169.8689615709754
2025-11-21,90,1330.6799475829773,1744.2247695092665,359.07793700804115,413.54482192628916,3308.3585754103133
2025-11-22,97,941.7751222102588,1326.1445925275061,329.5306070504117,384.3694703172473,3074.9557625379784
2025-11-23,103,1145.1911285537942,1489.607475614369,307.81289557058625,344.4163470605747,2755.3307764845977
2025-11-24,105,1321.6227782436667,2005.100490920528,328.561085669278,683.4777126768613,5467.82170141489
2025-11-25,103,1541.8584989459243,1315.031430884153,403.60174034512073,0.0,0.0
2025-11-26,101,1364.9800372257469,1073.7283326890688,303.3493326662952,0.0,0.0
2025-11-27,108,1554.4755973955191,1845.7261086161998,366.95637855468175,291.25051122068066,2330.0040897654453
2025-11-28,104,1120.3253219646103,1784.15119292614,448.7916644111738,663.8258709615297,5310.606967692238
2025-11-29,91,1250.0380984495287,1385.7581691056437,426.94065780513614,135.720070656115,1085.76056524892
2025-11-30,91,1361.1470599052236,1471.7520545329783,368.1695426237106,110.60499462775465,884.8399570220372
2025-12-01,108,734.7296573000447,1193.766237452762,501.3814248015234,459.0365801527173,3672.2926412217384
2025-12-02,106,1502.1606436229054,1522.2380681524255,513.5821848346997,20.077424529520158,160.61939623616126
2025-12-03,109,827.8180238290706,1791.47842884285,401.56734589238357,963.6604050137794,7709.283240110235
2025-12-04,99,1399.3880136556807,1364.3487895604305,251.8874250469415,0.0,0.0
2025-12-05,95,1337.3663581085293,1719.275494696573,453.1868918209756,381.9091365880438,3055.2730927043503
2025-12-06,104,732.0813994970227,1615.930964347608,262.3614195979849,883.8495648505854,7070.796518804683
2025-12-07,100,742.1877486134006,1644.4542227202849,488.56876664320396,902.2664741068843,7218.131792855074
2025-12-08,94,1486.496383490501,1378.9227048534078,465.01509404453793,0.0,0.0
2025-12-09,90,1442.9444119373097,1411.3439542666265,506.45275024828123,0.0,0.0
2025-12-10,97,1023.8272711023478,1038.3068913821496,415.6159335020636,14.479620279801793,115.83696223841434
2025-12-11,101,1023.6242209911871,1358.3326468724736,378.3168539690897,334.7084258812864,2677.6674070502913
2025-12-12,101,1302.5209944752442,1790.8713645078146,372.99393197858655,488.3503700325705,3906.802960260564
2025-12-13,94,1197.4511699023265,1267.6669514744317,367.22438973814616,70.21578157210524,561.726252576842
2025-12-14,96,1410.8790431698228,1304.9245865357739,458.86411922048217,0.0,0.0
2025-12-15,93,1295.9161848866174,1660.047455926781,442.73628937035267,364.1312710401635,2913.050168321308
2025-12-16,95,1516.606158791307,1600.6920729982735,407.2135380060528,84.08591420696644,672.6873136557315
2025-12-17,102,1394.0155555827453,1672.4658124490752,356.6691215243817,278.45025686632994,2227.6020549306395
2025-12-18,109,1344.1546098281156,1209.194864977399,557.7527578780164,0.0,0.0
2025-12-19,104,1129.5750559392652,2141.0144873250865,454.7424768377722,1011.4394313858213,8091.5154510865705
2025-12-20,92,1114.935753167631,1196.0616564581874,304.13728481359544,81.12590329055638,649.007226324451
2025-12-21,97,1189.6482030589398,1538.5618284335171,369.02463904377237,348.91362537457735,2791.309002996619
2025-12-22,109,1568.1886139874416,1460.3361260328534,455.90656584452233,0.0,0.0
2025-12-23,105,1118.7450541220433,1203.339620658738,352.02766472603895,84.59456653669486,676.7565322935588
2025-12-24,102,1252.1057974148032,1407.4476442966875,421.09287752955333,155.3418468818843,1242.7347750550744
2025-12-25,107,751.0394184585382,1505.8269002214674,457.0477780201689,754.7874817629292,6038.299854103434
2025-12-26,99,1335.1617460088162,1337.5066970341325,196.6943150406164,2.344951025316277,18.759608202530217
2025-12-27,108,1651.439656218628,1734.3059053837123,393.517738012645,82.86624916508435,662.9299933206748
2025-12-28,106,1013.2723781474151,1459.5935636343822,395.8725492139073,446.3211854869671,3570.569483895737
2025-12-29,108,1834.8884274253517,1164.6813322454284,375.2756526589726,0.0,0.0
2025-12-30,94,1236.4481209313308,1143.4686168326757,418.1017080967625,0.0,0.0
2025-12-31,98,685.4137517231312,1651.541272652864,439.4511764497525,966.1275209297329,7729.020167437863
